"0","Model1.mcmc
"
"1","[[1]]
"
"1","Markov Chain Monte Carlo (MCMC) output:
Start ="
"1"," "
"1","1005"
"1"," "
"1","
End ="
"1"," "
"1","11000"
"1"," "
"1","
Thinning interval ="
"1"," "
"1","5"
"1"," "
"1","
"
"1","       "
"1","    main.Se"
"1","   main.Sp"
"1","   main.ap"
"1"," main.tau0"
"1"," plessthanSetvalue"
"1","
   [1,]"
"1"," 0.11936458"
"1"," 0.3776087"
"1"," 0.7763685"
"1"," 0.3964578"
"1","                 0"
"1","
   [2,]"
"1"," 0.12028515"
"1"," 0.3670471"
"1"," 0.9777109"
"1"," 0.3891501"
"1","                 0"
"1","
   [3,]"
"1"," 0.10714858"
"1"," 0.3505624"
"1"," 0.9281685"
"1"," 0.4010175"
"1","                 0"
"1","
   [4,]"
"1"," 0.10667573"
"1"," 0.4261109"
"1"," 0.9277716"
"1"," 0.4321119"
"1","                 0"
"1","
   [5,]"
"1"," 0.10858510"
"1"," 0.3114029"
"1"," 0.9673904"
"1"," 0.3953762"
"1","                 0"
"1","
   [6,]"
"1"," 0.11403622"
"1"," 0.3093716"
"1"," 0.5485668"
"1"," 0.4528536"
"1","                 0"
"1","
   [7,]"
"1"," 0.10385097"
"1"," 0.4157854"
"1"," 0.7741150"
"1"," 0.4115114"
"1","                 0"
"1","
   [8,]"
"1"," 0.10455660"
"1"," 0.4073968"
"1"," 0.9792920"
"1"," 0.4544068"
"1","                 0"
"1","
   [9,]"
"1"," 0.11115133"
"1"," 0.4010572"
"1"," 0.8637259"
"1"," 0.3425421"
"1","                 0"
"1","
  [10,]"
"1"," 0.10599118"
"1"," 0.4035985"
"1"," 0.9749900"
"1"," 0.4497768"
"1","                 0"
"1","
  [11,]"
"1"," 0.10014948"
"1"," 0.3510351"
"1"," 0.9693336"
"1"," 0.4328979"
"1","                 0"
"1","
  [12,]"
"1"," 0.11345980"
"1"," 0.4195418"
"1"," 0.9083266"
"1"," 0.4416097"
"1","                 0"
"1","
  [13,]"
"1"," 0.10775768"
"1"," 0.3752290"
"1"," 0.8980289"
"1"," 0.3872305"
"1","                 0"
"1","
  [14,]"
"1"," 0.10714132"
"1"," 0.3761504"
"1"," 0.8777143"
"1"," 0.3308178"
"1","                 0"
"1","
  [15,]"
"1"," 0.10068849"
"1"," 0.4159754"
"1"," 0.8266822"
"1"," 0.3836050"
"1","                 0"
"1","
  [16,]"
"1"," 0.11609533"
"1"," 0.4609371"
"1"," 0.8182673"
"1"," 0.3934583"
"1","                 0"
"1","
  [17,]"
"1"," 0.12520547"
"1"," 0.4111814"
"1"," 0.9796124"
"1"," 0.5007887"
"1","                 0"
"1","
  [18,]"
"1"," 0.08760819"
"1"," 0.4380770"
"1"," 0.9618685"
"1"," 0.4106679"
"1","                 0"
"1","
  [19,]"
"1"," 0.11495974"
"1"," 0.4081890"
"1"," 0.9659583"
"1"," 0.4196631"
"1","                 0"
"1","
  [20,]"
"1"," 0.10488178"
"1"," 0.4260738"
"1"," 0.7641091"
"1"," 0.4369811"
"1","                 0"
"1","
  [21,]"
"1"," 0.10995875"
"1"," 0.3591756"
"1"," 0.9779818"
"1"," 0.3829597"
"1","                 0"
"1","
  [22,]"
"1"," 0.09163411"
"1"," 0.4349371"
"1"," 0.9902057"
"1"," 0.3736577"
"1","                 0"
"1","
  [23,]"
"1"," 0.12946328"
"1"," 0.4848060"
"1"," 0.9801822"
"1"," 0.4915209"
"1","                 0"
"1","
  [24,]"
"1"," 0.10505497"
"1"," 0.3935752"
"1"," 0.8786152"
"1"," 0.4077703"
"1","                 0"
"1","
  [25,]"
"1"," 0.10262979"
"1"," 0.4761865"
"1"," 0.9367138"
"1"," 0.3919514"
"1","                 0"
"1","
  [26,]"
"1"," 0.09745295"
"1"," 0.4074095"
"1"," 0.8978973"
"1"," 0.4481653"
"1","                 0"
"1","
  [27,]"
"1"," 0.11641365"
"1"," 0.2944117"
"1"," 0.9714670"
"1"," 0.4832344"
"1","                 0"
"1","
  [28,]"
"1"," 0.11087132"
"1"," 0.3813429"
"1"," 0.9870595"
"1"," 0.3502155"
"1","                 0"
"1","
  [29,]"
"1"," 0.11670231"
"1"," 0.4301046"
"1"," 0.8440032"
"1"," 0.3949389"
"1","                 0"
"1","
  [30,]"
"1"," 0.11189791"
"1"," 0.3486854"
"1"," 0.7356068"
"1"," 0.3439575"
"1","                 0"
"1","
  [31,]"
"1"," 0.09038568"
"1"," 0.3448277"
"1"," 0.9852101"
"1"," 0.4335386"
"1","                 0"
"1","
  [32,]"
"1"," 0.09245610"
"1"," 0.3727840"
"1"," 0.9738349"
"1"," 0.3988110"
"1","                 0"
"1","
  [33,]"
"1"," 0.08987142"
"1"," 0.4127870"
"1"," 0.9703606"
"1"," 0.4804105"
"1","                 0"
"1","
  [34,]"
"1"," 0.11572234"
"1"," 0.4412197"
"1"," 0.8632189"
"1"," 0.4481988"
"1","                 0"
"1","
  [35,]"
"1"," 0.09871552"
"1"," 0.4352886"
"1"," 0.8741398"
"1"," 0.4053183"
"1","                 0"
"1","
  [36,]"
"1"," 0.08059425"
"1"," 0.4155814"
"1"," 0.8852345"
"1"," 0.3900920"
"1","                 0"
"1","
  [37,]"
"1"," 0.09446498"
"1"," 0.3990207"
"1"," 0.9830570"
"1"," 0.4628425"
"1","                 0"
"1","
  [38,]"
"1"," 0.14483994"
"1"," 0.3848452"
"1"," 0.8410440"
"1"," 0.4563584"
"1","                 0"
"1","
  [39,]"
"1"," 0.09335132"
"1"," 0.4566779"
"1"," 0.9930974"
"1"," 0.4346821"
"1","                 0"
"1","
  [40,]"
"1"," 0.10312258"
"1"," 0.3474246"
"1"," 0.9384357"
"1"," 0.5267830"
"1","                 0"
"1","
  [41,]"
"1"," 0.11085835"
"1"," 0.4130246"
"1"," 0.9707382"
"1"," 0.4420498"
"1","                 0"
"1","
  [42,]"
"1"," 0.09243699"
"1"," 0.4288206"
"1"," 0.9030536"
"1"," 0.4796329"
"1","                 0"
"1","
  [43,]"
"1"," 0.07467943"
"1"," 0.4184040"
"1"," 0.9329394"
"1"," 0.4226529"
"1","                 0"
"1","
  [44,]"
"1"," 0.10984791"
"1"," 0.3496398"
"1"," 0.9860921"
"1"," 0.3342001"
"1","                 0"
"1","
  [45,]"
"1"," 0.11014985"
"1"," 0.4501848"
"1"," 0.9477092"
"1"," 0.5080115"
"1","                 0"
"1","
  [46,]"
"1"," 0.10948888"
"1"," 0.4287727"
"1"," 0.8948543"
"1"," 0.3677934"
"1","                 0"
"1","
  [47,]"
"1"," 0.10669833"
"1"," 0.3311091"
"1"," 0.9420918"
"1"," 0.4521054"
"1","                 0"
"1","
  [48,]"
"1"," 0.08462924"
"1"," 0.4193202"
"1"," 0.8845353"
"1"," 0.5058068"
"1","                 0"
"1","
  [49,]"
"1"," 0.10826958"
"1"," 0.4203047"
"1"," 0.8778246"
"1"," 0.4118269"
"1","                 0"
"1","
  [50,]"
"1"," 0.11745369"
"1"," 0.3893178"
"1"," 0.9837415"
"1"," 0.4363204"
"1","                 0"
"1","
"
"1","       "
"1","    pre.p.rep"
"1"," pre.pequal0"
"1"," pre.plessthan0.05"
"1"," pre.pstar.rep"
"1"," pre.z.rep"
"1","
   [1,]"
"1"," 7.049425e-01"
"1","           0"
"1","                 0"
"1","  7.049425e-01"
"1","         1"
"1","
   [2,]"
"1"," 1.000000e+00"
"1","           0"
"1","                 0"
"1","  1.000000e+00"
"1","         1"
"1","
   [3,]"
"1"," 0.000000e+00"
"1","           1"
"1","                 1"
"1","  3.897631e-01"
"1","         0"
"1","
   [4,]"
"1"," 0.000000e+00"
"1","           1"
"1","                 1"
"1","  5.492679e-02"
"1","         0"
"1","
   [5,]"
"1"," 0.000000e+00"
"1","           1"
"1","                 1"
"1","  1.000000e+00"
"1","         0"
"1","
   [6,]"
"1"," 0.000000e+00"
"1","           1"
"1","                 1"
"1","  9.306943e-03"
"1","         0"
"1","
   [7,]"
"1"," 0.000000e+00"
"1","           1"
"1","                 1"
"1","  4.129167e-01"
"1","         0"
"1","
   [8,]"
"1"," 9.999999e-01"
"1","           0"
"1","                 0"
"1","  9.999999e-01"
"1","         1"
"1","
   [9,]"
"1"," 0.000000e+00"
"1","           1"
"1","                 1"
"1","  1.110925e-02"
"1","         0"
"1","
  [10,]"
"1"," 1.000000e+00"
"1","           0"
"1","                 0"
"1","  1.000000e+00"
"1","         1"
"1","
  [11,]"
"1"," 0.000000e+00"
"1","           1"
"1","                 1"
"1","  1.000000e+00"
"1","         0"
"1","
  [12,]"
"1"," 1.000000e+00"
"1","           0"
"1","                 0"
"1","  1.000000e+00"
"1","         1"
"1","
  [13,]"
"1"," 0.000000e+00"
"1","           1"
"1","                 1"
"1","  1.000000e+00"
"1","         0"
"1","
  [14,]"
"1"," 9.553425e-01"
"1","           0"
"1","                 0"
"1","  9.553425e-01"
"1","         1"
"1","
  [15,]"
"1"," 0.000000e+00"
"1","           1"
"1","                 1"
"1","  9.618985e-01"
"1","         0"
"1","
  [16,]"
"1"," 1.717242e-02"
"1","           0"
"1","                 1"
"1","  1.717242e-02"
"1","         1"
"1","
  [17,]"
"1"," 0.000000e+00"
"1","           1"
"1","                 1"
"1","  9.982381e-01"
"1","         0"
"1","
  [18,]"
"1"," 0.000000e+00"
"1","           1"
"1","                 1"
"1","  8.919858e-01"
"1","         0"
"1","
  [19,]"
"1"," 0.000000e+00"
"1","           1"
"1","                 1"
"1","  1.000000e+00"
"1","         0"
"1","
  [20,]"
"1"," 0.000000e+00"
"1","           1"
"1","                 1"
"1","  8.573046e-01"
"1","         0"
"1","
  [21,]"
"1"," 0.000000e+00"
"1","           1"
"1","                 1"
"1","  1.000000e+00"
"1","         0"
"1","
  [22,]"
"1"," 0.000000e+00"
"1","           1"
"1","                 1"
"1","  1.000000e+00"
"1","         0"
"1","
  [23,]"
"1"," 0.000000e+00"
"1","           1"
"1","                 1"
"1","  9.440698e-01"
"1","         0"
"1","
  [24,]"
"1"," 0.000000e+00"
"1","           1"
"1","                 1"
"1","  1.000000e+00"
"1","         0"
"1","
  [25,]"
"1"," 0.000000e+00"
"1","           1"
"1","                 1"
"1","  1.000000e+00"
"1","         0"
"1","
  [26,]"
"1"," 0.000000e+00"
"1","           1"
"1","                 1"
"1","  9.999049e-01"
"1","         0"
"1","
  [27,]"
"1"," 0.000000e+00"
"1","           1"
"1","                 1"
"1","  1.000000e+00"
"1","         0"
"1","
  [28,]"
"1"," 1.000000e+00"
"1","           0"
"1","                 0"
"1","  1.000000e+00"
"1","         1"
"1","
  [29,]"
"1"," 0.000000e+00"
"1","           1"
"1","                 1"
"1","  9.940273e-01"
"1","         0"
"1","
  [30,]"
"1"," 7.640938e-01"
"1","           0"
"1","                 0"
"1","  7.640938e-01"
"1","         1"
"1","
  [31,]"
"1"," 0.000000e+00"
"1","           1"
"1","                 1"
"1","  1.000000e+00"
"1","         0"
"1","
  [32,]"
"1"," 0.000000e+00"
"1","           1"
"1","                 1"
"1","  4.532934e-01"
"1","         0"
"1","
  [33,]"
"1"," 0.000000e+00"
"1","           1"
"1","                 1"
"1","  9.992394e-01"
"1","         0"
"1","
  [34,]"
"1"," 0.000000e+00"
"1","           1"
"1","                 1"
"1","  1.000000e+00"
"1","         0"
"1","
  [35,]"
"1"," 0.000000e+00"
"1","           1"
"1","                 1"
"1","  9.834698e-01"
"1","         0"
"1","
  [36,]"
"1"," 9.999982e-01"
"1","           0"
"1","                 0"
"1","  9.999982e-01"
"1","         1"
"1","
  [37,]"
"1"," 0.000000e+00"
"1","           1"
"1","                 1"
"1","  1.000000e+00"
"1","         0"
"1","
  [38,]"
"1"," 0.000000e+00"
"1","           1"
"1","                 1"
"1","  9.999874e-01"
"1","         0"
"1","
  [39,]"
"1"," 1.000000e+00"
"1","           0"
"1","                 0"
"1","  1.000000e+00"
"1","         1"
"1","
  [40,]"
"1"," 1.000000e+00"
"1","           0"
"1","                 0"
"1","  1.000000e+00"
"1","         1"
"1","
  [41,]"
"1"," 0.000000e+00"
"1","           1"
"1","                 1"
"1","  1.000000e+00"
"1","         0"
"1","
  [42,]"
"1"," 7.663078e-01"
"1","           0"
"1","                 0"
"1","  7.663078e-01"
"1","         1"
"1","
  [43,]"
"1"," 0.000000e+00"
"1","           1"
"1","                 1"
"1","  9.999854e-01"
"1","         0"
"1","
  [44,]"
"1"," 0.000000e+00"
"1","           1"
"1","                 1"
"1","  1.000000e+00"
"1","         0"
"1","
  [45,]"
"1"," 0.000000e+00"
"1","           1"
"1","                 1"
"1","  9.985844e-01"
"1","         0"
"1","
  [46,]"
"1"," 0.000000e+00"
"1","           1"
"1","                 1"
"1","  1.000000e+00"
"1","         0"
"1","
  [47,]"
"1"," 9.937656e-01"
"1","           0"
"1","                 0"
"1","  9.937656e-01"
"1","         1"
"1","
  [48,]"
"1"," 4.049953e-01"
"1","           0"
"1","                 0"
"1","  4.049953e-01"
"1","         1"
"1","
  [49,]"
"1"," 9.997449e-01"
"1","           0"
"1","                 0"
"1","  9.997449e-01"
"1","         1"
"1","
  [50,]"
"1"," 0.000000e+00"
"1","           1"
"1","                 1"
"1","  1.000000e+00"
"1","         0"
"1","
"
"1","       "
"1","       psi"
"1","  pstar[1]"
"1","  pstar[2]"
"1","  pstar[3]"
"1","  pstar[4]"
"1","  sub.p[1]"
"1","
   [1,]"
"1"," 0.8581552"
"1"," 0.9853354"
"1"," 0.9981867"
"1"," 0.9671595"
"1"," 0.9782763"
"1"," 0.9853354"
"1","
   [2,]"
"1"," 0.9416635"
"1"," 0.9960044"
"1"," 0.9988000"
"1"," 0.9937014"
"1"," 0.9836460"
"1"," 0.9960044"
"1","
   [3,]"
"1"," 0.9232765"
"1"," 0.9982710"
"1"," 0.9888929"
"1"," 0.9951822"
"1"," 0.9983353"
"1"," 0.9982710"
"1","
   [4,]"
"1"," 0.9010363"
"1"," 0.9958633"
"1"," 0.9876864"
"1"," 0.9880953"
"1"," 0.9970003"
"1"," 0.9958633"
"1","
   [5,]"
"1"," 0.7214320"
"1"," 0.9967834"
"1"," 0.9389133"
"1"," 0.9971369"
"1"," 0.9971481"
"1"," 0.9967834"
"1","
   [6,]"
"1"," 0.7599085"
"1"," 0.9988820"
"1"," 0.9812152"
"1"," 0.9751097"
"1"," 0.9922788"
"1"," 0.9988820"
"1","
   [7,]"
"1"," 0.6497804"
"1"," 0.9986765"
"1"," 0.9929887"
"1"," 0.9879081"
"1"," 0.9960805"
"1"," 0.9986765"
"1","
   [8,]"
"1"," 0.9438764"
"1"," 0.9973460"
"1"," 0.9974745"
"1"," 0.9957623"
"1"," 0.9857847"
"1"," 0.9973460"
"1","
   [9,]"
"1"," 0.8245321"
"1"," 0.9969235"
"1"," 0.9815540"
"1"," 0.9877270"
"1"," 0.9977701"
"1"," 0.9969235"
"1","
  [10,]"
"1"," 0.6110320"
"1"," 0.9935943"
"1"," 0.9804376"
"1"," 0.9951689"
"1"," 0.9989842"
"1"," 0.9935943"
"1","
  [11,]"
"1"," 0.6194539"
"1"," 0.9988831"
"1"," 0.9864622"
"1"," 0.9985312"
"1"," 0.9952577"
"1"," 0.9988831"
"1","
  [12,]"
"1"," 0.8924003"
"1"," 0.9905083"
"1"," 0.9956461"
"1"," 0.9957792"
"1"," 0.9981666"
"1"," 0.9905083"
"1","
  [13,]"
"1"," 0.7880779"
"1"," 0.9973426"
"1"," 0.9989326"
"1"," 0.9981044"
"1"," 0.9947881"
"1"," 0.9973426"
"1","
  [14,]"
"1"," 0.5918033"
"1"," 0.9973094"
"1"," 0.9976148"
"1"," 0.9941590"
"1"," 0.9934318"
"1"," 0.9973094"
"1","
  [15,]"
"1"," 0.5378261"
"1"," 0.9986654"
"1"," 0.9888244"
"1"," 0.9973410"
"1"," 0.9961534"
"1"," 0.9986654"
"1","
  [16,]"
"1"," 0.6321631"
"1"," 0.9987184"
"1"," 0.9886186"
"1"," 0.9816736"
"1"," 0.9964616"
"1"," 0.9987184"
"1","
  [17,]"
"1"," 0.5140054"
"1"," 0.9979241"
"1"," 0.9900417"
"1"," 0.9970702"
"1"," 0.9918469"
"1"," 0.9979241"
"1","
  [18,]"
"1"," 0.8291649"
"1"," 0.9745141"
"1"," 0.9966965"
"1"," 0.9953875"
"1"," 0.9974837"
"1"," 0.9745141"
"1","
  [19,]"
"1"," 0.6894000"
"1"," 0.9710753"
"1"," 0.9976886"
"1"," 0.9678861"
"1"," 0.9966842"
"1"," 0.9710753"
"1","
  [20,]"
"1"," 0.7516781"
"1"," 0.9769095"
"1"," 0.9970466"
"1"," 0.9957676"
"1"," 0.9982829"
"1"," 0.9769095"
"1","
  [21,]"
"1"," 0.9713333"
"1"," 0.9981692"
"1"," 0.9985484"
"1"," 0.9970161"
"1"," 0.9875623"
"1"," 0.9981692"
"1","
  [22,]"
"1"," 0.6876201"
"1"," 0.9907418"
"1"," 0.9824683"
"1"," 0.9978905"
"1"," 0.9864554"
"1"," 0.9907418"
"1","
  [23,]"
"1"," 0.7787756"
"1"," 0.9953732"
"1"," 0.9949925"
"1"," 0.9939565"
"1"," 0.9981917"
"1"," 0.9953732"
"1","
  [24,]"
"1"," 0.6227232"
"1"," 0.9954512"
"1"," 0.9894744"
"1"," 0.9989821"
"1"," 0.9979171"
"1"," 0.9954512"
"1","
  [25,]"
"1"," 0.6998249"
"1"," 0.9988939"
"1"," 0.9941381"
"1"," 0.9987401"
"1"," 0.9944394"
"1"," 0.9988939"
"1","
  [26,]"
"1"," 0.7518623"
"1"," 0.9911133"
"1"," 0.9750569"
"1"," 0.9959854"
"1"," 0.9975471"
"1"," 0.9911133"
"1","
  [27,]"
"1"," 0.6918148"
"1"," 0.9934247"
"1"," 0.9870500"
"1"," 0.9742472"
"1"," 0.9975442"
"1"," 0.9934247"
"1","
  [28,]"
"1"," 0.4586846"
"1"," 0.9965820"
"1"," 0.9906737"
"1"," 0.9881423"
"1"," 0.9987430"
"1"," 0.9965820"
"1","
  [29,]"
"1"," 0.6783918"
"1"," 0.9946242"
"1"," 0.9972128"
"1"," 0.9793763"
"1"," 0.9875832"
"1"," 0.9946242"
"1","
  [30,]"
"1"," 0.9283410"
"1"," 0.9927847"
"1"," 0.9687980"
"1"," 0.9984624"
"1"," 0.9749243"
"1"," 0.9927847"
"1","
  [31,]"
"1"," 0.7516952"
"1"," 0.9966319"
"1"," 0.9906878"
"1"," 0.9988599"
"1"," 0.9988362"
"1"," 0.9966319"
"1","
  [32,]"
"1"," 0.9403060"
"1"," 0.9985105"
"1"," 0.9988189"
"1"," 0.9919111"
"1"," 0.9987768"
"1"," 0.9985105"
"1","
  [33,]"
"1"," 0.5596839"
"1"," 0.9972372"
"1"," 0.9949293"
"1"," 0.9965768"
"1"," 0.9987827"
"1"," 0.9972372"
"1","
  [34,]"
"1"," 0.8843387"
"1"," 0.9939066"
"1"," 0.9832899"
"1"," 0.9967670"
"1"," 0.9979120"
"1"," 0.9939066"
"1","
  [35,]"
"1"," 0.8890375"
"1"," 0.9976210"
"1"," 0.9980662"
"1"," 0.9988717"
"1"," 0.9774623"
"1"," 0.9976210"
"1","
  [36,]"
"1"," 0.9059208"
"1"," 0.9867167"
"1"," 0.9944679"
"1"," 0.9976014"
"1"," 0.9929235"
"1"," 0.9867167"
"1","
  [37,]"
"1"," 0.9612194"
"1"," 0.9989868"
"1"," 0.9987492"
"1"," 0.9718907"
"1"," 0.9979877"
"1"," 0.9989868"
"1","
  [38,]"
"1"," 0.6666208"
"1"," 0.9976310"
"1"," 0.9980701"
"1"," 0.9682246"
"1"," 0.9987305"
"1"," 0.9976310"
"1","
  [39,]"
"1"," 0.6792031"
"1"," 0.9984736"
"1"," 0.9982310"
"1"," 0.9891449"
"1"," 0.9941071"
"1"," 0.9984736"
"1","
  [40,]"
"1"," 0.5285754"
"1"," 0.9986424"
"1"," 0.9978949"
"1"," 0.9757202"
"1"," 0.9961694"
"1"," 0.9986424"
"1","
  [41,]"
"1"," 0.9503718"
"1"," 0.9979001"
"1"," 0.9876922"
"1"," 0.9751818"
"1"," 0.9961860"
"1"," 0.9979001"
"1","
  [42,]"
"1"," 0.5468364"
"1"," 0.9977513"
"1"," 0.9952107"
"1"," 0.9920907"
"1"," 0.9976049"
"1"," 0.9977513"
"1","
  [43,]"
"1"," 0.6936435"
"1"," 0.9965679"
"1"," 0.9975342"
"1"," 0.9894336"
"1"," 0.9989419"
"1"," 0.9965679"
"1","
  [44,]"
"1"," 0.7617608"
"1"," 0.9975990"
"1"," 0.9985938"
"1"," 0.9957758"
"1"," 0.9976632"
"1"," 0.9975990"
"1","
  [45,]"
"1"," 0.9652084"
"1"," 0.9957510"
"1"," 0.9983512"
"1"," 0.9658263"
"1"," 0.9986322"
"1"," 0.9957510"
"1","
  [46,]"
"1"," 0.8288376"
"1"," 0.9916811"
"1"," 0.9989398"
"1"," 0.9516617"
"1"," 0.9982184"
"1"," 0.9916811"
"1","
  [47,]"
"1"," 0.5407960"
"1"," 0.9888408"
"1"," 0.9954716"
"1"," 0.9572190"
"1"," 0.9967946"
"1"," 0.9888408"
"1","
  [48,]"
"1"," 0.9965573"
"1"," 0.9871611"
"1"," 0.9696627"
"1"," 0.9979098"
"1"," 0.9987876"
"1"," 0.9871611"
"1","
  [49,]"
"1"," 0.5820412"
"1"," 0.9875282"
"1"," 0.9810819"
"1"," 0.9974191"
"1"," 0.9908213"
"1"," 0.9875282"
"1","
  [50,]"
"1"," 0.6349159"
"1"," 0.9970484"
"1"," 0.9978435"
"1"," 0.9977542"
"1"," 0.9408808"
"1"," 0.9970484"
"1","
"
"1","       "
"1","  sub.p[2]"
"1","  sub.p[3]"
"1","  sub.p[4]"
"1"," y.pre"
"1","
   [1,]"
"1"," 0.9981867"
"1"," 0.9671595"
"1"," 0.9782763"
"1","    72"
"1","
   [2,]"
"1"," 0.9988000"
"1"," 0.9937014"
"1"," 0.9836460"
"1","    96"
"1","
   [3,]"
"1"," 0.9888929"
"1"," 0.9951822"
"1"," 0.9983353"
"1","    92"
"1","
   [4,]"
"1"," 0.9876864"
"1"," 0.9880953"
"1"," 0.9970003"
"1","    91"
"1","
   [5,]"
"1"," 0.9389133"
"1"," 0.9971369"
"1"," 0.9971481"
"1","    97"
"1","
   [6,]"
"1"," 0.9812152"
"1"," 0.9751097"
"1"," 0.9922788"
"1","    60"
"1","
   [7,]"
"1"," 0.9929887"
"1"," 0.9879081"
"1"," 0.9960805"
"1","    79"
"1","
   [8,]"
"1"," 0.9974745"
"1"," 0.9957623"
"1"," 0.9857847"
"1","    99"
"1","
   [9,]"
"1"," 0.9815540"
"1"," 0.9877270"
"1"," 0.9977701"
"1","    84"
"1","
  [10,]"
"1"," 0.9804376"
"1"," 0.9951689"
"1"," 0.9989842"
"1","    97"
"1","
  [11,]"
"1"," 0.9864622"
"1"," 0.9985312"
"1"," 0.9952577"
"1","    95"
"1","
  [12,]"
"1"," 0.9956461"
"1"," 0.9957792"
"1"," 0.9981666"
"1","    89"
"1","
  [13,]"
"1"," 0.9989326"
"1"," 0.9981044"
"1"," 0.9947881"
"1","    94"
"1","
  [14,]"
"1"," 0.9976148"
"1"," 0.9941590"
"1"," 0.9934318"
"1","    87"
"1","
  [15,]"
"1"," 0.9888244"
"1"," 0.9973410"
"1"," 0.9961534"
"1","    81"
"1","
  [16,]"
"1"," 0.9886186"
"1"," 0.9816736"
"1"," 0.9964616"
"1","    85"
"1","
  [17,]"
"1"," 0.9900417"
"1"," 0.9970702"
"1"," 0.9918469"
"1","    96"
"1","
  [18,]"
"1"," 0.9966965"
"1"," 0.9953875"
"1"," 0.9974837"
"1","    96"
"1","
  [19,]"
"1"," 0.9976886"
"1"," 0.9678861"
"1"," 0.9966842"
"1","    95"
"1","
  [20,]"
"1"," 0.9970466"
"1"," 0.9957676"
"1"," 0.9982829"
"1","    67"
"1","
  [21,]"
"1"," 0.9985484"
"1"," 0.9970161"
"1"," 0.9875623"
"1","    97"
"1","
  [22,]"
"1"," 0.9824683"
"1"," 0.9978905"
"1"," 0.9864554"
"1","    99"
"1","
  [23,]"
"1"," 0.9949925"
"1"," 0.9939565"
"1"," 0.9981917"
"1","    98"
"1","
  [24,]"
"1"," 0.9894744"
"1"," 0.9989821"
"1"," 0.9979171"
"1","    89"
"1","
  [25,]"
"1"," 0.9941381"
"1"," 0.9987401"
"1"," 0.9944394"
"1","    95"
"1","
  [26,]"
"1"," 0.9750569"
"1"," 0.9959854"
"1"," 0.9975471"
"1","    92"
"1","
  [27,]"
"1"," 0.9870500"
"1"," 0.9742472"
"1"," 0.9975442"
"1","    97"
"1","
  [28,]"
"1"," 0.9906737"
"1"," 0.9881423"
"1"," 0.9987430"
"1","    99"
"1","
  [29,]"
"1"," 0.9972128"
"1"," 0.9793763"
"1"," 0.9875832"
"1","    80"
"1","
  [30,]"
"1"," 0.9687980"
"1"," 0.9984624"
"1"," 0.9749243"
"1","    71"
"1","
  [31,]"
"1"," 0.9906878"
"1"," 0.9988599"
"1"," 0.9988362"
"1","    99"
"1","
  [32,]"
"1"," 0.9988189"
"1"," 0.9919111"
"1"," 0.9987768"
"1","    96"
"1","
  [33,]"
"1"," 0.9949293"
"1"," 0.9965768"
"1"," 0.9987827"
"1","    94"
"1","
  [34,]"
"1"," 0.9832899"
"1"," 0.9967670"
"1"," 0.9979120"
"1","    85"
"1","
  [35,]"
"1"," 0.9980662"
"1"," 0.9988717"
"1"," 0.9774623"
"1","    86"
"1","
  [36,]"
"1"," 0.9944679"
"1"," 0.9976014"
"1"," 0.9929235"
"1","    92"
"1","
  [37,]"
"1"," 0.9987492"
"1"," 0.9718907"
"1"," 0.9979877"
"1","    97"
"1","
  [38,]"
"1"," 0.9980701"
"1"," 0.9682246"
"1"," 0.9987305"
"1","    87"
"1","
  [39,]"
"1"," 0.9982310"
"1"," 0.9891449"
"1"," 0.9941071"
"1","    97"
"1","
  [40,]"
"1"," 0.9978949"
"1"," 0.9757202"
"1"," 0.9961694"
"1","    95"
"1","
  [41,]"
"1"," 0.9876922"
"1"," 0.9751818"
"1"," 0.9961860"
"1","    98"
"1","
  [42,]"
"1"," 0.9952107"
"1"," 0.9920907"
"1"," 0.9976049"
"1","    93"
"1","
  [43,]"
"1"," 0.9975342"
"1"," 0.9894336"
"1"," 0.9989419"
"1","    95"
"1","
  [44,]"
"1"," 0.9985938"
"1"," 0.9957758"
"1"," 0.9976632"
"1","    99"
"1","
  [45,]"
"1"," 0.9983512"
"1"," 0.9658263"
"1"," 0.9986322"
"1","    98"
"1","
  [46,]"
"1"," 0.9989398"
"1"," 0.9516617"
"1"," 0.9982184"
"1","    89"
"1","
  [47,]"
"1"," 0.9954716"
"1"," 0.9572190"
"1"," 0.9967946"
"1","    95"
"1","
  [48,]"
"1"," 0.9696627"
"1"," 0.9979098"
"1"," 0.9987876"
"1","    93"
"1","
  [49,]"
"1"," 0.9810819"
"1"," 0.9974191"
"1"," 0.9908213"
"1","    89"
"1","
  [50,]"
"1"," 0.9978435"
"1"," 0.9977542"
"1"," 0.9408808"
"1","   100"
"1","
"
"1"," [ reached getOption(""max.print"") -- omitted 1950 rows ]
"
"1","
"
"1","[[2]]
"
"1","Markov Chain Monte Carlo (MCMC) output:
Start ="
"1"," "
"1","1005"
"1"," "
"1","
End ="
"1"," "
"1","11000"
"1"," "
"1","
Thinning interval ="
"1"," "
"1","5"
"1"," "
"1","
"
"1","       "
"1","    main.Se"
"1","   main.Sp"
"1","   main.ap"
"1"," main.tau0"
"1"," plessthanSetvalue"
"1","
   [1,]"
"1"," 0.10587765"
"1"," 0.4160662"
"1"," 0.9373482"
"1"," 0.4814412"
"1","                 0"
"1","
   [2,]"
"1"," 0.10654638"
"1"," 0.4137880"
"1"," 0.8382809"
"1"," 0.4010866"
"1","                 0"
"1","
   [3,]"
"1"," 0.11961198"
"1"," 0.4230858"
"1"," 0.9936968"
"1"," 0.4456537"
"1","                 0"
"1","
   [4,]"
"1"," 0.10145491"
"1"," 0.3648022"
"1"," 0.7059411"
"1"," 0.4269043"
"1","                 0"
"1","
   [5,]"
"1"," 0.11034522"
"1"," 0.3561264"
"1"," 0.9708011"
"1"," 0.4047672"
"1","                 0"
"1","
   [6,]"
"1"," 0.11213548"
"1"," 0.3627998"
"1"," 0.9134068"
"1"," 0.3911841"
"1","                 0"
"1","
   [7,]"
"1"," 0.08545974"
"1"," 0.4443649"
"1"," 0.9136437"
"1"," 0.3842510"
"1","                 0"
"1","
   [8,]"
"1"," 0.10333154"
"1"," 0.3924945"
"1"," 0.8377577"
"1"," 0.5032400"
"1","                 0"
"1","
   [9,]"
"1"," 0.09367522"
"1"," 0.4106304"
"1"," 0.8883313"
"1"," 0.3942975"
"1","                 0"
"1","
  [10,]"
"1"," 0.11466803"
"1"," 0.4231249"
"1"," 0.9704556"
"1"," 0.4549646"
"1","                 0"
"1","
  [11,]"
"1"," 0.11339030"
"1"," 0.3856623"
"1"," 0.9569236"
"1"," 0.4515759"
"1","                 0"
"1","
  [12,]"
"1"," 0.11606874"
"1"," 0.4509883"
"1"," 0.9866761"
"1"," 0.3762598"
"1","                 0"
"1","
  [13,]"
"1"," 0.10895423"
"1"," 0.4323997"
"1"," 0.6942707"
"1"," 0.3935925"
"1","                 0"
"1","
  [14,]"
"1"," 0.08787195"
"1"," 0.3942484"
"1"," 0.8002795"
"1"," 0.4178481"
"1","                 0"
"1","
  [15,]"
"1"," 0.10435602"
"1"," 0.3815734"
"1"," 0.9540366"
"1"," 0.3424529"
"1","                 0"
"1","
  [16,]"
"1"," 0.09522063"
"1"," 0.3512598"
"1"," 0.9672263"
"1"," 0.4129845"
"1","                 0"
"1","
  [17,]"
"1"," 0.12105130"
"1"," 0.3978544"
"1"," 0.9256728"
"1"," 0.3616631"
"1","                 0"
"1","
  [18,]"
"1"," 0.10808750"
"1"," 0.4069744"
"1"," 0.7759646"
"1"," 0.4725432"
"1","                 0"
"1","
  [19,]"
"1"," 0.10278304"
"1"," 0.3410179"
"1"," 0.8701889"
"1"," 0.4156543"
"1","                 0"
"1","
  [20,]"
"1"," 0.07959952"
"1"," 0.4189031"
"1"," 0.8743569"
"1"," 0.4410051"
"1","                 0"
"1","
  [21,]"
"1"," 0.08545027"
"1"," 0.4573303"
"1"," 0.7726580"
"1"," 0.4201524"
"1","                 0"
"1","
  [22,]"
"1"," 0.10520334"
"1"," 0.4386136"
"1"," 0.9644297"
"1"," 0.3924947"
"1","                 0"
"1","
  [23,]"
"1"," 0.11028517"
"1"," 0.4018733"
"1"," 0.8090514"
"1"," 0.4315486"
"1","                 0"
"1","
  [24,]"
"1"," 0.12607994"
"1"," 0.3891255"
"1"," 0.9179808"
"1"," 0.3920129"
"1","                 0"
"1","
  [25,]"
"1"," 0.09927120"
"1"," 0.3858015"
"1"," 0.9248142"
"1"," 0.3434200"
"1","                 0"
"1","
  [26,]"
"1"," 0.11944831"
"1"," 0.4614334"
"1"," 0.9628040"
"1"," 0.4423435"
"1","                 0"
"1","
  [27,]"
"1"," 0.11228364"
"1"," 0.4734894"
"1"," 0.9981311"
"1"," 0.4039581"
"1","                 0"
"1","
  [28,]"
"1"," 0.13328618"
"1"," 0.3579273"
"1"," 0.9727234"
"1"," 0.4423920"
"1","                 0"
"1","
  [29,]"
"1"," 0.11123705"
"1"," 0.3813098"
"1"," 0.9193139"
"1"," 0.4443518"
"1","                 0"
"1","
  [30,]"
"1"," 0.10033685"
"1"," 0.4702381"
"1"," 0.9075303"
"1"," 0.3556814"
"1","                 0"
"1","
  [31,]"
"1"," 0.11513614"
"1"," 0.3570636"
"1"," 0.6135483"
"1"," 0.3771570"
"1","                 0"
"1","
  [32,]"
"1"," 0.10602196"
"1"," 0.3556151"
"1"," 0.8599210"
"1"," 0.3917024"
"1","                 0"
"1","
  [33,]"
"1"," 0.11962459"
"1"," 0.4106070"
"1"," 0.9113597"
"1"," 0.4316067"
"1","                 0"
"1","
  [34,]"
"1"," 0.11564629"
"1"," 0.4084286"
"1"," 0.9742617"
"1"," 0.4513508"
"1","                 0"
"1","
  [35,]"
"1"," 0.11417607"
"1"," 0.4598201"
"1"," 0.8432606"
"1"," 0.4100544"
"1","                 0"
"1","
  [36,]"
"1"," 0.12965348"
"1"," 0.4445961"
"1"," 0.6318789"
"1"," 0.4153810"
"1","                 0"
"1","
  [37,]"
"1"," 0.10990702"
"1"," 0.3918972"
"1"," 0.9637786"
"1"," 0.4123516"
"1","                 0"
"1","
  [38,]"
"1"," 0.13990088"
"1"," 0.4097108"
"1"," 0.8392904"
"1"," 0.4132803"
"1","                 0"
"1","
  [39,]"
"1"," 0.09846466"
"1"," 0.3714016"
"1"," 0.9860272"
"1"," 0.4287856"
"1","                 0"
"1","
  [40,]"
"1"," 0.10432926"
"1"," 0.4442207"
"1"," 0.7681759"
"1"," 0.4361423"
"1","                 0"
"1","
  [41,]"
"1"," 0.08661843"
"1"," 0.4189079"
"1"," 0.8806094"
"1"," 0.4758585"
"1","                 0"
"1","
  [42,]"
"1"," 0.11924106"
"1"," 0.4306781"
"1"," 0.8652276"
"1"," 0.3625104"
"1","                 0"
"1","
  [43,]"
"1"," 0.11038120"
"1"," 0.3956686"
"1"," 0.8486495"
"1"," 0.3634236"
"1","                 0"
"1","
  [44,]"
"1"," 0.13799030"
"1"," 0.4323871"
"1"," 0.9030515"
"1"," 0.4018750"
"1","                 0"
"1","
  [45,]"
"1"," 0.08610755"
"1"," 0.4197609"
"1"," 0.6240714"
"1"," 0.4641381"
"1","                 0"
"1","
  [46,]"
"1"," 0.10605990"
"1"," 0.4360312"
"1"," 0.9927382"
"1"," 0.4354564"
"1","                 0"
"1","
  [47,]"
"1"," 0.10613598"
"1"," 0.3822489"
"1"," 0.9094669"
"1"," 0.4125050"
"1","                 0"
"1","
  [48,]"
"1"," 0.11146404"
"1"," 0.3752317"
"1"," 0.8260765"
"1"," 0.4613932"
"1","                 0"
"1","
  [49,]"
"1"," 0.12397542"
"1"," 0.4482248"
"1"," 0.8700698"
"1"," 0.3397039"
"1","                 0"
"1","
  [50,]"
"1"," 0.11829698"
"1"," 0.3876020"
"1"," 0.9825823"
"1"," 0.4451438"
"1","                 0"
"1","
"
"1","       "
"1","    pre.p.rep"
"1"," pre.pequal0"
"1"," pre.plessthan0.05"
"1"," pre.pstar.rep"
"1"," pre.z.rep"
"1","
   [1,]"
"1"," 0.9648917480"
"1","           0"
"1","                 0"
"1","  9.648917e-01"
"1","         1"
"1","
   [2,]"
"1"," 0.9999994514"
"1","           0"
"1","                 0"
"1","  9.999995e-01"
"1","         1"
"1","
   [3,]"
"1"," 1.0000000000"
"1","           0"
"1","                 0"
"1","  1.000000e+00"
"1","         1"
"1","
   [4,]"
"1"," 0.9066382053"
"1","           0"
"1","                 0"
"1","  9.066382e-01"
"1","         1"
"1","
   [5,]"
"1"," 0.9999609906"
"1","           0"
"1","                 0"
"1","  9.999610e-01"
"1","         1"
"1","
   [6,]"
"1"," 1.0000000000"
"1","           0"
"1","                 0"
"1","  1.000000e+00"
"1","         1"
"1","
   [7,]"
"1"," 0.0000000000"
"1","           1"
"1","                 1"
"1","  7.618713e-01"
"1","         0"
"1","
   [8,]"
"1"," 0.4723675136"
"1","           0"
"1","                 0"
"1","  4.723675e-01"
"1","         1"
"1","
   [9,]"
"1"," 0.0000000000"
"1","           1"
"1","                 1"
"1","  2.640302e-01"
"1","         0"
"1","
  [10,]"
"1"," 0.0000000000"
"1","           1"
"1","                 1"
"1","  1.000000e+00"
"1","         0"
"1","
  [11,]"
"1"," 0.0000000000"
"1","           1"
"1","                 1"
"1","  1.000000e+00"
"1","         0"
"1","
  [12,]"
"1"," 1.0000000000"
"1","           0"
"1","                 0"
"1","  1.000000e+00"
"1","         1"
"1","
  [13,]"
"1"," 0.0000000000"
"1","           1"
"1","                 1"
"1","  9.688776e-01"
"1","         0"
"1","
  [14,]"
"1"," 0.0000000000"
"1","           1"
"1","                 1"
"1","  1.000000e+00"
"1","         0"
"1","
  [15,]"
"1"," 0.0000000000"
"1","           1"
"1","                 1"
"1","  1.000000e+00"
"1","         0"
"1","
  [16,]"
"1"," 0.0000000000"
"1","           1"
"1","                 1"
"1","  1.000000e+00"
"1","         0"
"1","
  [17,]"
"1"," 0.0000000000"
"1","           1"
"1","                 1"
"1","  3.591525e-01"
"1","         0"
"1","
  [18,]"
"1"," 0.0185799538"
"1","           0"
"1","                 1"
"1","  1.857995e-02"
"1","         1"
"1","
  [19,]"
"1"," 0.0000000000"
"1","           1"
"1","                 1"
"1","  9.994696e-01"
"1","         0"
"1","
  [20,]"
"1"," 0.9999987527"
"1","           0"
"1","                 0"
"1","  9.999988e-01"
"1","         1"
"1","
  [21,]"
"1"," 0.5491334485"
"1","           0"
"1","                 0"
"1","  5.491334e-01"
"1","         1"
"1","
  [22,]"
"1"," 0.0000000000"
"1","           1"
"1","                 1"
"1","  9.989251e-01"
"1","         0"
"1","
  [23,]"
"1"," 0.4698704490"
"1","           0"
"1","                 0"
"1","  4.698704e-01"
"1","         1"
"1","
  [24,]"
"1"," 1.0000000000"
"1","           0"
"1","                 0"
"1","  1.000000e+00"
"1","         1"
"1","
  [25,]"
"1"," 0.0000000000"
"1","           1"
"1","                 1"
"1","  7.977284e-01"
"1","         0"
"1","
  [26,]"
"1"," 0.0000000000"
"1","           1"
"1","                 1"
"1","  9.999999e-01"
"1","         0"
"1","
  [27,]"
"1"," 0.0000000000"
"1","           1"
"1","                 1"
"1","  1.000000e+00"
"1","         0"
"1","
  [28,]"
"1"," 0.0000000000"
"1","           1"
"1","                 1"
"1","  1.000000e+00"
"1","         0"
"1","
  [29,]"
"1"," 1.0000000000"
"1","           0"
"1","                 0"
"1","  1.000000e+00"
"1","         1"
"1","
  [30,]"
"1"," 0.0000000000"
"1","           1"
"1","                 1"
"1","  9.987596e-01"
"1","         0"
"1","
  [31,]"
"1"," 0.0135743150"
"1","           0"
"1","                 1"
"1","  1.357432e-02"
"1","         1"
"1","
  [32,]"
"1"," 0.0000000000"
"1","           1"
"1","                 1"
"1","  1.000000e+00"
"1","         0"
"1","
  [33,]"
"1"," 1.0000000000"
"1","           0"
"1","                 0"
"1","  1.000000e+00"
"1","         1"
"1","
  [34,]"
"1"," 0.0000000000"
"1","           1"
"1","                 1"
"1","  9.999561e-01"
"1","         0"
"1","
  [35,]"
"1"," 0.0000000000"
"1","           1"
"1","                 1"
"1","  9.805140e-01"
"1","         0"
"1","
  [36,]"
"1"," 0.9316010743"
"1","           0"
"1","                 0"
"1","  9.316011e-01"
"1","         1"
"1","
  [37,]"
"1"," 0.0000000000"
"1","           1"
"1","                 1"
"1","  1.000000e+00"
"1","         0"
"1","
  [38,]"
"1"," 0.5272004880"
"1","           0"
"1","                 0"
"1","  5.272005e-01"
"1","         1"
"1","
  [39,]"
"1"," 1.0000000000"
"1","           0"
"1","                 0"
"1","  1.000000e+00"
"1","         1"
"1","
  [40,]"
"1"," 0.9988497881"
"1","           0"
"1","                 0"
"1","  9.988498e-01"
"1","         1"
"1","
  [41,]"
"1"," 0.3676476809"
"1","           0"
"1","                 0"
"1","  3.676477e-01"
"1","         1"
"1","
  [42,]"
"1"," 0.6878828570"
"1","           0"
"1","                 0"
"1","  6.878829e-01"
"1","         1"
"1","
  [43,]"
"1"," 0.0000000000"
"1","           1"
"1","                 1"
"1","  1.000000e+00"
"1","         0"
"1","
  [44,]"
"1"," 0.0000000000"
"1","           1"
"1","                 1"
"1","  9.005067e-01"
"1","         0"
"1","
  [45,]"
"1"," 0.2742357152"
"1","           0"
"1","                 0"
"1","  2.742357e-01"
"1","         1"
"1","
  [46,]"
"1"," 0.0000000000"
"1","           1"
"1","                 1"
"1","  1.000000e+00"
"1","         0"
"1","
  [47,]"
"1"," 0.0000000000"
"1","           1"
"1","                 1"
"1","  1.000000e+00"
"1","         0"
"1","
  [48,]"
"1"," 0.0000000000"
"1","           1"
"1","                 1"
"1","  5.463578e-01"
"1","         0"
"1","
  [49,]"
"1"," 0.0180092482"
"1","           0"
"1","                 1"
"1","  1.800925e-02"
"1","         1"
"1","
  [50,]"
"1"," 0.0000000000"
"1","           1"
"1","                 1"
"1","  1.000000e+00"
"1","         0"
"1","
"
"1","       "
"1","       psi"
"1","  pstar[1]"
"1","  pstar[2]"
"1","  pstar[3]"
"1","  pstar[4]"
"1","  sub.p[1]"
"1","
   [1,]"
"1"," 0.7548367"
"1"," 0.9979444"
"1"," 0.9969928"
"1"," 0.9926091"
"1"," 0.9959812"
"1"," 0.9979444"
"1","
   [2,]"
"1"," 0.9061372"
"1"," 0.9981162"
"1"," 0.9963437"
"1"," 0.9989167"
"1"," 0.9986277"
"1"," 0.9981162"
"1","
   [3,]"
"1"," 0.7648887"
"1"," 0.9934400"
"1"," 0.9986604"
"1"," 0.9959256"
"1"," 0.9918682"
"1"," 0.9934400"
"1","
   [4,]"
"1"," 0.9650183"
"1"," 0.9986362"
"1"," 0.9985537"
"1"," 0.9887574"
"1"," 0.9984766"
"1"," 0.9986362"
"1","
   [5,]"
"1"," 0.8422886"
"1"," 0.9813902"
"1"," 0.9971581"
"1"," 0.9847573"
"1"," 0.9973487"
"1"," 0.9813902"
"1","
   [6,]"
"1"," 0.9186446"
"1"," 0.9925736"
"1"," 0.9913523"
"1"," 0.9647287"
"1"," 0.9781122"
"1"," 0.9925736"
"1","
   [7,]"
"1"," 0.4326097"
"1"," 0.9955002"
"1"," 0.9988371"
"1"," 0.9980418"
"1"," 0.9959065"
"1"," 0.9955002"
"1","
   [8,]"
"1"," 0.5247901"
"1"," 0.9888595"
"1"," 0.9988793"
"1"," 0.9911954"
"1"," 0.9904057"
"1"," 0.9888595"
"1","
   [9,]"
"1"," 0.5958656"
"1"," 0.9988097"
"1"," 0.9887733"
"1"," 0.9900414"
"1"," 0.9928434"
"1"," 0.9988097"
"1","
  [10,]"
"1"," 0.6289964"
"1"," 0.9988216"
"1"," 0.9984650"
"1"," 0.9970839"
"1"," 0.9964403"
"1"," 0.9988216"
"1","
  [11,]"
"1"," 0.7972540"
"1"," 0.9947871"
"1"," 0.9856706"
"1"," 0.9989849"
"1"," 0.9891715"
"1"," 0.9947871"
"1","
  [12,]"
"1"," 0.9448745"
"1"," 0.9967144"
"1"," 0.9804369"
"1"," 0.9977781"
"1"," 0.9942663"
"1"," 0.9967144"
"1","
  [13,]"
"1"," 0.5953811"
"1"," 0.9989125"
"1"," 0.9908440"
"1"," 0.9929468"
"1"," 0.9979858"
"1"," 0.9989125"
"1","
  [14,]"
"1"," 0.6379383"
"1"," 0.9970887"
"1"," 0.9987753"
"1"," 0.9967494"
"1"," 0.9983315"
"1"," 0.9970887"
"1","
  [15,]"
"1"," 0.7058552"
"1"," 0.9964494"
"1"," 0.9936004"
"1"," 0.9980987"
"1"," 0.9947067"
"1"," 0.9964494"
"1","
  [16,]"
"1"," 0.8314071"
"1"," 0.9923221"
"1"," 0.9594880"
"1"," 0.9947594"
"1"," 0.9961204"
"1"," 0.9923221"
"1","
  [17,]"
"1"," 0.9713567"
"1"," 0.9980831"
"1"," 0.9359967"
"1"," 0.9968453"
"1"," 0.9829475"
"1"," 0.9980831"
"1","
  [18,]"
"1"," 0.8686915"
"1"," 0.9940957"
"1"," 0.9745179"
"1"," 0.9975835"
"1"," 0.9906418"
"1"," 0.9940957"
"1","
  [19,]"
"1"," 0.9636871"
"1"," 0.9932111"
"1"," 0.9910663"
"1"," 0.9959674"
"1"," 0.9973577"
"1"," 0.9932111"
"1","
  [20,]"
"1"," 0.9554173"
"1"," 0.9734962"
"1"," 0.9884413"
"1"," 0.9989404"
"1"," 0.9982124"
"1"," 0.9734962"
"1","
  [21,]"
"1"," 0.8496556"
"1"," 0.9985517"
"1"," 0.9807305"
"1"," 0.9984858"
"1"," 0.9852896"
"1"," 0.9985517"
"1","
  [22,]"
"1"," 0.9440167"
"1"," 0.9947956"
"1"," 0.9964876"
"1"," 0.9821032"
"1"," 0.9885062"
"1"," 0.9947956"
"1","
  [23,]"
"1"," 0.9608253"
"1"," 0.9979598"
"1"," 0.9974136"
"1"," 0.9793393"
"1"," 0.9970856"
"1"," 0.9979598"
"1","
  [24,]"
"1"," 0.5556945"
"1"," 0.9988274"
"1"," 0.9977343"
"1"," 0.9977770"
"1"," 0.9970564"
"1"," 0.9988274"
"1","
  [25,]"
"1"," 0.9368848"
"1"," 0.9898621"
"1"," 0.9983912"
"1"," 0.9986656"
"1"," 0.9961595"
"1"," 0.9898621"
"1","
  [26,]"
"1"," 0.7044987"
"1"," 0.9961548"
"1"," 0.9921330"
"1"," 0.9924273"
"1"," 0.9977502"
"1"," 0.9961548"
"1","
  [27,]"
"1"," 0.6841524"
"1"," 0.9975002"
"1"," 0.9853377"
"1"," 0.9623251"
"1"," 0.9981805"
"1"," 0.9975002"
"1","
  [28,]"
"1"," 0.5824902"
"1"," 0.9964194"
"1"," 0.9952363"
"1"," 0.9976655"
"1"," 0.9973684"
"1"," 0.9964194"
"1","
  [29,]"
"1"," 0.8972460"
"1"," 0.9978205"
"1"," 0.9985433"
"1"," 0.9973112"
"1"," 0.9916600"
"1"," 0.9978205"
"1","
  [30,]"
"1"," 0.9411209"
"1"," 0.9972907"
"1"," 0.9972124"
"1"," 0.9973388"
"1"," 0.9981511"
"1"," 0.9972907"
"1","
  [31,]"
"1"," 0.7218595"
"1"," 0.9981177"
"1"," 0.9983292"
"1"," 0.9960856"
"1"," 0.9978812"
"1"," 0.9981177"
"1","
  [32,]"
"1"," 0.9708927"
"1"," 0.9665171"
"1"," 0.9717784"
"1"," 0.9673678"
"1"," 0.9953348"
"1"," 0.9665171"
"1","
  [33,]"
"1"," 0.4931386"
"1"," 0.9674658"
"1"," 0.9979649"
"1"," 0.9322047"
"1"," 0.9977115"
"1"," 0.9674658"
"1","
  [34,]"
"1"," 0.5677202"
"1"," 0.9793437"
"1"," 0.9987907"
"1"," 0.9293511"
"1"," 0.9975116"
"1"," 0.9793437"
"1","
  [35,]"
"1"," 0.7090087"
"1"," 0.9971448"
"1"," 0.9975397"
"1"," 0.9213179"
"1"," 0.9905345"
"1"," 0.9971448"
"1","
  [36,]"
"1"," 0.6368661"
"1"," 0.9913091"
"1"," 0.9965995"
"1"," 0.9614933"
"1"," 0.9904787"
"1"," 0.9913091"
"1","
  [37,]"
"1"," 0.7671307"
"1"," 0.9939892"
"1"," 0.9964363"
"1"," 0.9709161"
"1"," 0.9986207"
"1"," 0.9939892"
"1","
  [38,]"
"1"," 0.9059224"
"1"," 0.9980052"
"1"," 0.9961003"
"1"," 0.9763727"
"1"," 0.9922030"
"1"," 0.9980052"
"1","
  [39,]"
"1"," 0.5048619"
"1"," 0.9977386"
"1"," 0.9835933"
"1"," 0.9942495"
"1"," 0.9934121"
"1"," 0.9977386"
"1","
  [40,]"
"1"," 0.5125596"
"1"," 0.9974268"
"1"," 0.9930325"
"1"," 0.9967771"
"1"," 0.9984045"
"1"," 0.9974268"
"1","
  [41,]"
"1"," 0.9501211"
"1"," 0.9986002"
"1"," 0.9896667"
"1"," 0.9914350"
"1"," 0.9958981"
"1"," 0.9986002"
"1","
  [42,]"
"1"," 0.7994642"
"1"," 0.9984637"
"1"," 0.9607767"
"1"," 0.9638695"
"1"," 0.9978847"
"1"," 0.9984637"
"1","
  [43,]"
"1"," 0.5227694"
"1"," 0.9958221"
"1"," 0.9362588"
"1"," 0.9834445"
"1"," 0.9950241"
"1"," 0.9958221"
"1","
  [44,]"
"1"," 0.9865935"
"1"," 0.9608331"
"1"," 0.9884722"
"1"," 0.9877025"
"1"," 0.9928840"
"1"," 0.9608331"
"1","
  [45,]"
"1"," 0.7816887"
"1"," 0.9947033"
"1"," 0.9565637"
"1"," 0.9967064"
"1"," 0.9930927"
"1"," 0.9947033"
"1","
  [46,]"
"1"," 0.7134037"
"1"," 0.9891328"
"1"," 0.9985226"
"1"," 0.9951191"
"1"," 0.9934986"
"1"," 0.9891328"
"1","
  [47,]"
"1"," 0.7097108"
"1"," 0.9665559"
"1"," 0.9730972"
"1"," 0.9988184"
"1"," 0.9985873"
"1"," 0.9665559"
"1","
  [48,]"
"1"," 0.4076790"
"1"," 0.9624992"
"1"," 0.9927215"
"1"," 0.9989139"
"1"," 0.9939385"
"1"," 0.9624992"
"1","
  [49,]"
"1"," 0.9419555"
"1"," 0.9545981"
"1"," 0.9507458"
"1"," 0.9953574"
"1"," 0.9926157"
"1"," 0.9545981"
"1","
  [50,]"
"1"," 0.6752023"
"1"," 0.9439606"
"1"," 0.9618961"
"1"," 0.9980363"
"1"," 0.9936663"
"1"," 0.9439606"
"1","
"
"1","       "
"1","  sub.p[2]"
"1","  sub.p[3]"
"1","  sub.p[4]"
"1"," y.pre"
"1","
   [1,]"
"1"," 0.9969928"
"1"," 0.9926091"
"1"," 0.9959812"
"1","    98"
"1","
   [2,]"
"1"," 0.9963437"
"1"," 0.9989167"
"1"," 0.9986277"
"1","    87"
"1","
   [3,]"
"1"," 0.9986604"
"1"," 0.9959256"
"1"," 0.9918682"
"1","   100"
"1","
   [4,]"
"1"," 0.9985537"
"1"," 0.9887574"
"1"," 0.9984766"
"1","    71"
"1","
   [5,]"
"1"," 0.9971581"
"1"," 0.9847573"
"1"," 0.9973487"
"1","    96"
"1","
   [6,]"
"1"," 0.9913523"
"1"," 0.9647287"
"1"," 0.9781122"
"1","    89"
"1","
   [7,]"
"1"," 0.9988371"
"1"," 0.9980418"
"1"," 0.9959065"
"1","    86"
"1","
   [8,]"
"1"," 0.9988793"
"1"," 0.9911954"
"1"," 0.9904057"
"1","    84"
"1","
   [9,]"
"1"," 0.9887733"
"1"," 0.9900414"
"1"," 0.9928434"
"1","    89"
"1","
  [10,]"
"1"," 0.9984650"
"1"," 0.9970839"
"1"," 0.9964403"
"1","    99"
"1","
  [11,]"
"1"," 0.9856706"
"1"," 0.9989849"
"1"," 0.9891715"
"1","    96"
"1","
  [12,]"
"1"," 0.9804369"
"1"," 0.9977781"
"1"," 0.9942663"
"1","    98"
"1","
  [13,]"
"1"," 0.9908440"
"1"," 0.9929468"
"1"," 0.9979858"
"1","    70"
"1","
  [14,]"
"1"," 0.9987753"
"1"," 0.9967494"
"1"," 0.9983315"
"1","    73"
"1","
  [15,]"
"1"," 0.9936004"
"1"," 0.9980987"
"1"," 0.9947067"
"1","    98"
"1","
  [16,]"
"1"," 0.9594880"
"1"," 0.9947594"
"1"," 0.9961204"
"1","    98"
"1","
  [17,]"
"1"," 0.9359967"
"1"," 0.9968453"
"1"," 0.9829475"
"1","    94"
"1","
  [18,]"
"1"," 0.9745179"
"1"," 0.9975835"
"1"," 0.9906418"
"1","    73"
"1","
  [19,]"
"1"," 0.9910663"
"1"," 0.9959674"
"1"," 0.9973577"
"1","    93"
"1","
  [20,]"
"1"," 0.9884413"
"1"," 0.9989404"
"1"," 0.9982124"
"1","    87"
"1","
  [21,]"
"1"," 0.9807305"
"1"," 0.9984858"
"1"," 0.9852896"
"1","    71"
"1","
  [22,]"
"1"," 0.9964876"
"1"," 0.9821032"
"1"," 0.9885062"
"1","   100"
"1","
  [23,]"
"1"," 0.9974136"
"1"," 0.9793393"
"1"," 0.9970856"
"1","    84"
"1","
  [24,]"
"1"," 0.9977343"
"1"," 0.9977770"
"1"," 0.9970564"
"1","    89"
"1","
  [25,]"
"1"," 0.9983912"
"1"," 0.9986656"
"1"," 0.9961595"
"1","    98"
"1","
  [26,]"
"1"," 0.9921330"
"1"," 0.9924273"
"1"," 0.9977502"
"1","    97"
"1","
  [27,]"
"1"," 0.9853377"
"1"," 0.9623251"
"1"," 0.9981805"
"1","    99"
"1","
  [28,]"
"1"," 0.9952363"
"1"," 0.9976655"
"1"," 0.9973684"
"1","    96"
"1","
  [29,]"
"1"," 0.9985433"
"1"," 0.9973112"
"1"," 0.9916600"
"1","    92"
"1","
  [30,]"
"1"," 0.9972124"
"1"," 0.9973388"
"1"," 0.9981511"
"1","    94"
"1","
  [31,]"
"1"," 0.9983292"
"1"," 0.9960856"
"1"," 0.9978812"
"1","    63"
"1","
  [32,]"
"1"," 0.9717784"
"1"," 0.9673678"
"1"," 0.9953348"
"1","    83"
"1","
  [33,]"
"1"," 0.9979649"
"1"," 0.9322047"
"1"," 0.9977115"
"1","    90"
"1","
  [34,]"
"1"," 0.9987907"
"1"," 0.9293511"
"1"," 0.9975116"
"1","    99"
"1","
  [35,]"
"1"," 0.9975397"
"1"," 0.9213179"
"1"," 0.9905345"
"1","    90"
"1","
  [36,]"
"1"," 0.9965995"
"1"," 0.9614933"
"1"," 0.9904787"
"1","    52"
"1","
  [37,]"
"1"," 0.9964363"
"1"," 0.9709161"
"1"," 0.9986207"
"1","    97"
"1","
  [38,]"
"1"," 0.9961003"
"1"," 0.9763727"
"1"," 0.9922030"
"1","    89"
"1","
  [39,]"
"1"," 0.9835933"
"1"," 0.9942495"
"1"," 0.9934121"
"1","   100"
"1","
  [40,]"
"1"," 0.9930325"
"1"," 0.9967771"
"1"," 0.9984045"
"1","    76"
"1","
  [41,]"
"1"," 0.9896667"
"1"," 0.9914350"
"1"," 0.9958981"
"1","    91"
"1","
  [42,]"
"1"," 0.9607767"
"1"," 0.9638695"
"1"," 0.9978847"
"1","    86"
"1","
  [43,]"
"1"," 0.9362588"
"1"," 0.9834445"
"1"," 0.9950241"
"1","    90"
"1","
  [44,]"
"1"," 0.9884722"
"1"," 0.9877025"
"1"," 0.9928840"
"1","    88"
"1","
  [45,]"
"1"," 0.9565637"
"1"," 0.9967064"
"1"," 0.9930927"
"1","    55"
"1","
  [46,]"
"1"," 0.9985226"
"1"," 0.9951191"
"1"," 0.9934986"
"1","   100"
"1","
  [47,]"
"1"," 0.9730972"
"1"," 0.9988184"
"1"," 0.9985873"
"1","    92"
"1","
  [48,]"
"1"," 0.9927215"
"1"," 0.9989139"
"1"," 0.9939385"
"1","    85"
"1","
  [49,]"
"1"," 0.9507458"
"1"," 0.9953574"
"1"," 0.9926157"
"1","    91"
"1","
  [50,]"
"1"," 0.9618961"
"1"," 0.9980363"
"1"," 0.9936663"
"1","    97"
"1","
"
"1"," [ reached getOption(""max.print"") -- omitted 1950 rows ]
"
"1","
"
"1","attr(,""class"")"
"1","
"
"1","[1]"
"1"," ""mcmc.list"""
"1","
"
